{"misha": {"login_time": 1757862326.6151261}, "michadockermisha": {"login_time": 1754222661.3646731}}