{
  "misha": {
    "login_time": 1754222803.8468313
  },
  "michadockermisha": {
    "login_time": 1754222661.3646731
  }
}