{"misha": {"login_time": 1757869626.376256}, "michadockermisha": {"login_time": 1754222661.3646731}}